{"cameraMode":{"drawMode":0,"name":"Shaded","section":"Shading Mode"},"sceneLighting":false,"audioPlay":false,"sceneViewState":{"showFog":true,"showMaterialUpdate":false,"showSkybox":false,"showFlares":true,"showImageEffects":true,"showParticleSystems":true},"in2DMode":false,"pivot":{"x":1.7881393432617188e-7,"y":0.5490381121635437,"z":0.05239236354827881},"rotation":{"x":0.2597917914390564,"y":-0.010719372890889645,"z":0.0029511062894016506,"w":0.9656715989112854},"size":1.713239312171936,"orthographic":false}