{"cameraMode":{"drawMode":0,"name":"Shaded","section":"Shading Mode"},"sceneLighting":false,"audioPlay":false,"sceneViewState":{"showFog":true,"showMaterialUpdate":false,"showSkybox":false,"showFlares":true,"showImageEffects":true,"showParticleSystems":true},"in2DMode":false,"pivot":{"x":-1.1920928955078126e-7,"y":0.45547589659690859,"z":17.438138961791993},"rotation":{"x":0.2597917914390564,"y":-0.010719372890889645,"z":0.0029511062894016506,"w":0.9656715989112854},"size":1.7989319562911988,"orthographic":false}