{"cameraMode":{"drawMode":0,"name":"Shaded","section":"Shading Mode"},"sceneLighting":false,"audioPlay":false,"sceneViewState":{"showFog":true,"showMaterialUpdate":false,"showSkybox":false,"showFlares":true,"showImageEffects":true,"showParticleSystems":true},"in2DMode":false,"pivot":{"x":0.6447347402572632,"y":-4.406562328338623,"z":21.26426124572754},"rotation":{"x":0.10420433431863785,"y":0.008950904943048954,"z":-0.0009378882241435349,"w":0.9945152401924133},"size":14.068944931030274,"orthographic":false}