{"cameraMode":{"drawMode":0,"name":"Shaded","section":"Shading Mode"},"sceneLighting":false,"audioPlay":false,"sceneViewState":{"showFog":true,"showMaterialUpdate":false,"showSkybox":false,"showFlares":true,"showImageEffects":true,"showParticleSystems":true},"in2DMode":false,"pivot":{"x":-0.1099998950958252,"y":0.37000012397766116,"z":-0.6700000762939453},"rotation":{"x":0.15532532334327699,"y":0.640882670879364,"z":-0.1345905065536499,"w":0.7396151423454285},"size":1.3166602849960328,"orthographic":false}