{"cameraMode":{"drawMode":0,"name":"Shaded","section":"Shading Mode"},"sceneLighting":false,"audioPlay":false,"sceneViewState":{"showFog":true,"showMaterialUpdate":false,"showSkybox":false,"showFlares":true,"showImageEffects":true,"showParticleSystems":true},"in2DMode":false,"pivot":{"x":0.061440158635377887,"y":0.7404567003250122,"z":0.36589616537094118},"rotation":{"x":0.033432915806770328,"y":-0.7362843751907349,"z":0.036475908011198047,"w":0.674860954284668},"size":0.3926220238208771,"orthographic":true}