{"cameraMode":{"drawMode":0,"name":"Shaded","section":"Shading Mode"},"sceneLighting":false,"audioPlay":false,"sceneViewState":{"showFog":true,"showMaterialUpdate":false,"showSkybox":false,"showFlares":true,"showImageEffects":true,"showParticleSystems":true},"in2DMode":false,"pivot":{"x":0.06212043762207031,"y":0.004670364316552877,"z":8.663588523864746},"rotation":{"x":0.10420433431863785,"y":0.008950904943048954,"z":-0.0009378882241435349,"w":0.9945152401924133},"size":13.545225143432618,"orthographic":false}