{"cameraMode":{"drawMode":0,"name":"Shaded","section":"Shading Mode"},"sceneLighting":false,"audioPlay":false,"sceneViewState":{"showFog":true,"showMaterialUpdate":false,"showSkybox":false,"showFlares":true,"showImageEffects":true,"showParticleSystems":true},"in2DMode":false,"pivot":{"x":-1.1920928955078126e-7,"y":0.5328988432884216,"z":17.438138961791993},"rotation":{"x":0.14497551321983338,"y":0.014440703205764294,"z":-0.0022371122613549234,"w":0.9893745183944702},"size":1.780904769897461,"orthographic":false}