{"cameraMode":{"drawMode":0,"name":"Shaded","section":"Shading Mode"},"sceneLighting":true,"audioPlay":false,"sceneViewState":{"showFog":true,"showMaterialUpdate":false,"showSkybox":true,"showFlares":true,"showImageEffects":true,"showParticleSystems":true},"in2DMode":false,"pivot":{"x":-1.9672129154205323,"y":4.703057289123535,"z":-8.64847183227539},"rotation":{"x":0.028093503788113595,"y":0.16743415594100953,"z":0.004773146938532591,"w":-0.985468864440918},"size":0.8065459132194519,"orthographic":false}