{"cameraMode":{"drawMode":0,"name":"Shaded","section":"Shading Mode"},"sceneLighting":false,"audioPlay":false,"sceneViewState":{"showFog":true,"showMaterialUpdate":false,"showSkybox":false,"showFlares":true,"showImageEffects":true,"showParticleSystems":true},"in2DMode":false,"pivot":{"x":-5.960464477539063e-8,"y":0.45547589659690859,"z":0.07813763618469238},"rotation":{"x":0.2597917914390564,"y":-0.010719372890889645,"z":0.0029511062894016506,"w":0.9656715989112854},"size":1.6130685806274415,"orthographic":false}